Workbook

Sheet Rates
A1: Date | B1: 1-Month | C1: 2-Year | D1: 10-Year | E1: 30-Year
A2: 2023-01 | B2: 4.52 | C2: 4.21 | D2: 3.53 | E2: 3.66
A3: 2023-02 | B3: 4.64 | C3: 4.53 | D3: 3.75 | E3: 3.8
A4: 2023-03 | B4: 4.49 | C4: 4.3 | D4: 3.66 | E4: 3.77
A5: 2023-04 | B5: 4.17 | C5: 4.02 | D5: 3.46 | E5: 3.68
A6: 2023-05 | B6: 5.49 | C6: 4.13 | D6: 3.57 | E6: 3.86
A7: 2023-06 | B7: 5.2 | C7: 4.64 | D7: 3.75 | E7: 3.87
A8: 2023-07 | B8: 5.39 | C8: 4.83 | D8: 3.9 | E8: 3.96
A9: 2023-08 | B9: 5.54 | C9: 4.9 | D9: 4.17 | E9: 4.28
A10: 2023-09 | B10: 5.53 | C10: 5.02 | D10: 4.38 | E10: 4.47
A11: 2023-10 | B11: 5.57 | C11: 5.07 | D11: 4.8 | E11: 4.95
A12: 2023-11 | B12: 5.53 | C12: 4.88 | D12: 4.5 | E12: 4.66
A13: 2023-12 | B13: 5.54 | C13: 4.46 | D13: 4.02 | E13: 4.14

Sheet Spreads
A1: Date | B1: 10Y-2Y | C1: 10Y-1M | D1: 30Y-10Y | E1: Inverted
A2: 2023-01 | B2: =Rates!D2-Rates!C2 -> -0.68 | C2: =Rates!D2-Rates!B2 -> -0.99 | D2: =Rates!E2-Rates!D2 -> 0.13 | E2: =IF(B2<0,"Yes","No") -> Yes
A3: 2023-02 | B3: =Rates!D3-Rates!C3 -> -0.78 | C3: =Rates!D3-Rates!B3 -> -0.89 | D3: =Rates!E3-Rates!D3 -> 0.05 | E3: =IF(B3<0,"Yes","No") -> Yes
A4: 2023-03 | B4: =Rates!D4-Rates!C4 -> -0.64 | C4: =Rates!D4-Rates!B4 -> -0.83 | D4: =Rates!E4-Rates!D4 -> 0.11 | E4: =IF(B4<0,"Yes","No") -> Yes
A5: 2023-04 | B5: =Rates!D5-Rates!C5 -> -0.56 | C5: =Rates!D5-Rates!B5 -> -0.71 | D5: =Rates!E5-Rates!D5 -> 0.22 | E5: =IF(B5<0,"Yes","No") -> Yes
A6: 2023-05 | B6: =Rates!D6-Rates!C6 -> -0.56 | C6: =Rates!D6-Rates!B6 -> -1.92 | D6: =Rates!E6-Rates!D6 -> 0.29 | E6: =IF(B6<0,"Yes","No") -> Yes
A7: 2023-06 | B7: =Rates!D7-Rates!C7 -> -0.89 | C7: =Rates!D7-Rates!B7 -> -1.45 | D7: =Rates!E7-Rates!D7 -> 0.12 | E7: =IF(B7<0,"Yes","No") -> Yes
A8: 2023-07 | B8: =Rates!D8-Rates!C8 -> -0.93 | C8: =Rates!D8-Rates!B8 -> -1.49 | D8: =Rates!E8-Rates!D8 -> 0.06 | E8: =IF(B8<0,"Yes","No") -> Yes
A9: 2023-08 | B9: =Rates!D9-Rates!C9 -> -0.73 | C9: =Rates!D9-Rates!B9 -> -1.37 | D9: =Rates!E9-Rates!D9 -> 0.11 | E9: =IF(B9<0,"Yes","No") -> Yes
A10: 2023-09 | B10: =Rates!D10-Rates!C10 -> -0.64 | C10: =Rates!D10-Rates!B10 -> -1.15 | D10: =Rates!E10-Rates!D10 -> 0.09 | E10: =IF(B10<0,"Yes","No") -> Yes
A11: 2023-10 | B11: =Rates!D11-Rates!C11 -> -0.27 | C11: =Rates!D11-Rates!B11 -> -0.77 | D11: =Rates!E11-Rates!D11 -> 0.15 | E11: =IF(B11<0,"Yes","No") -> Yes
A12: 2023-11 | B12: =Rates!D12-Rates!C12 -> -0.38 | C12: =Rates!D12-Rates!B12 -> -1.03 | D12: =Rates!E12-Rates!D12 -> 0.16 | E12: =IF(B12<0,"Yes","No") -> Yes
A13: 2023-12 | B13: =Rates!D13-Rates!C13 -> -0.44 | C13: =Rates!D13-Rates!B13 -> -1.52 | D13: =Rates!E13-Rates!D13 -> 0.12 | E13: =IF(B13<0,"Yes","No") -> Yes
